{
  "FilterHeaders": [
    {
      "Header": "x-goog-update-updater",
      "IncludeInScript": false
    },
    {
      "Header": "x-goog-update-interactivity",
      "IncludeInScript": false
    },
    {
      "Header": "x-goog-update-appid",
      "IncludeInScript": false
    },
    {
      "Header": "x-goog-encode-response-if-executable",
      "IncludeInScript": false
    },
    {
      "Header": "x-goog-api-key",
      "IncludeInScript": false
    },
    {
      "Header": "user-agent",
      "IncludeInScript": false
    },
    {
      "Header": "upgrade-insecure-requests",
      "IncludeInScript": false
    },
    {
      "Header": "sec-fetch-user",
      "IncludeInScript": false
    },
    {
      "Header": "sec-fetch-site",
      "IncludeInScript": false
    },
    {
      "Header": "sec-fetch-mode",
      "IncludeInScript": false
    },
    {
      "Header": "sec-fetch-dest",
      "IncludeInScript": false
    },
    {
      "Header": "sec-ch-ua-platform",
      "IncludeInScript": false
    },
    {
      "Header": "sec-ch-ua-mobile",
      "IncludeInScript": false
    },
    {
      "Header": "sec-ch-ua",
      "IncludeInScript": false
    },
    {
      "Header": "origin",
      "IncludeInScript": false
    },
    {
      "Header": "if-none-match",
      "IncludeInScript": false
    },
    {
      "Header": "if-modified-since",
      "IncludeInScript": false
    },
    {
      "Header": "authorization",
      "IncludeInScript": false
    },
    {
      "Header": "access-control-request-method",
      "IncludeInScript": false
    },
    {
      "Header": "access-control-request-headers",
      "IncludeInScript": false
    },
    {
      "Header": "accept-language",
      "IncludeInScript": false
    },
    {
      "Header": "accept-encoding",
      "IncludeInScript": false
    },
    {
      "Header": "accept",
      "IncludeInScript": false
    },
    {
      "Header": "a-im",
      "IncludeInScript": false
    }
  ],
  "FilterResources": [
    {
      "IsNonResource": false,
      "type": "text/plain"
    },
    {
      "IsNonResource": true,
      "type": "text/html"
    },
    {
      "IsNonResource": false,
      "type": "text/css"
    },
    {
      "IsNonResource": false,
      "type": "image/png"
    },
    {
      "IsNonResource": true,
      "type": "application/json"
    },
    {
      "IsNonResource": false,
      "type": "application/javascript"
    }
  ],
  "GeneralInfo": {
    "BrowserVersion": "",
    "IsWinInetMode": false,
    "MaxUsedConnections": 8,
    "RecordedBrowser": "Chrome",
    "RecordingDate": "Feb-22-2024",
    "RecordingDuration": 149203,
    "RecordingMode": "N/A",
    "RecordingTimeStamp": 1708585359,
    "RecordingType": "Browser",
    "TotalBytesReceived": 23706,
    "TotalBytesSent": 30581,
    "TotalRequests": 27,
    "UserAgent": "Mozilla/5.0 (Windows NT 10.0; Win64; x64) AppleWebKit/537.36 (KHTML, like Gecko) Chrome/121.0.0.0 Safari/537.36"
  },
  "HostInfo": [
    {
      "DomainName": "herokuapp.com",
      "Domains": [
        {
          "HTTPVersion": "HTTP/1.1",
          "IP": "54.146.248.82",
          "IncludeInScript": true,
          "Name": "thinking-tester-contact-list.herokuapp.com",
          "Port": 443,
          "Requests": [
            {
              "CompressionType": "",
              "DataType": "",
              "DownloadTime": 250,
              "EventId": 119,
              "HttpStatus": 304,
              "Size": 0,
              "URL": "https://thinking-tester-contact-list.herokuapp.com/img/thinkingTesterIcon.png"
            },
            {
              "CompressionType": "",
              "DataType": "",
              "DownloadTime": 250,
              "EventId": 117,
              "HttpStatus": 304,
              "Size": 0,
              "URL": "https://thinking-tester-contact-list.herokuapp.com/js/login.js"
            },
            {
              "CompressionType": "",
              "DataType": "",
              "DownloadTime": 234,
              "EventId": 115,
              "HttpStatus": 304,
              "Size": 0,
              "URL": "https://thinking-tester-contact-list.herokuapp.com/img/thinkingTesterLogo.png"
            },
            {
              "CompressionType": "",
              "DataType": "",
              "DownloadTime": 234,
              "EventId": 113,
              "HttpStatus": 304,
              "Size": 0,
              "URL": "https://thinking-tester-contact-list.herokuapp.com/css/styles.css"
            },
            {
              "CompressionType": "",
              "DataType": "",
              "DownloadTime": 250,
              "EventId": 111,
              "HttpStatus": 304,
              "Size": 0,
              "URL": "https://thinking-tester-contact-list.herokuapp.com/"
            },
            {
              "CompressionType": "",
              "DataType": "",
              "DownloadTime": 235,
              "EventId": 109,
              "HttpStatus": 200,
              "Size": 0,
              "URL": "https://thinking-tester-contact-list.herokuapp.com/users/logout"
            },
            {
              "CompressionType": "",
              "DataType": "",
              "DownloadTime": 235,
              "EventId": 107,
              "HttpStatus": 304,
              "Size": 0,
              "URL": "https://thinking-tester-contact-list.herokuapp.com/img/thinkingTesterIcon.png"
            },
            {
              "CompressionType": "",
              "DataType": "application/javascript",
              "DownloadTime": 235,
              "EventId": 105,
              "HttpStatus": 200,
              "Size": 343,
              "URL": "https://thinking-tester-contact-list.herokuapp.com/js/logout.js"
            },
            {
              "CompressionType": "",
              "DataType": "",
              "DownloadTime": 235,
              "EventId": 103,
              "HttpStatus": 304,
              "Size": 0,
              "URL": "https://thinking-tester-contact-list.herokuapp.com/css/styles.css"
            },
            {
              "CompressionType": "",
              "DataType": "text/html",
              "DownloadTime": 234,
              "EventId": 101,
              "HttpStatus": 200,
              "Size": 234,
              "URL": "https://thinking-tester-contact-list.herokuapp.com/logout"
            },
            {
              "CompressionType": "",
              "DataType": "",
              "DownloadTime": 250,
              "EventId": 96,
              "HttpStatus": 304,
              "Size": 0,
              "URL": "https://thinking-tester-contact-list.herokuapp.com/img/thinkingTesterIcon.png"
            },
            {
              "CompressionType": "",
              "DataType": "application/json",
              "DownloadTime": 235,
              "EventId": 94,
              "HttpStatus": 200,
              "Size": 121,
              "URL": "https://thinking-tester-contact-list.herokuapp.com/contacts"
            },
            {
              "CompressionType": "",
              "DataType": "application/javascript",
              "DownloadTime": 235,
              "EventId": 90,
              "HttpStatus": 200,
              "Size": 3860,
              "URL": "https://thinking-tester-contact-list.herokuapp.com/js/contactList.js"
            },
            {
              "CompressionType": "",
              "DataType": "",
              "DownloadTime": 234,
              "EventId": 88,
              "HttpStatus": 304,
              "Size": 0,
              "URL": "https://thinking-tester-contact-list.herokuapp.com/img/thinkingTesterLogo.png"
            },
            {
              "CompressionType": "",
              "DataType": "",
              "DownloadTime": 234,
              "EventId": 83,
              "HttpStatus": 304,
              "Size": 0,
              "URL": "https://thinking-tester-contact-list.herokuapp.com/css/styles.css"
            },
            {
              "CompressionType": "",
              "DataType": "text/html",
              "DownloadTime": 235,
              "EventId": 80,
              "HttpStatus": 200,
              "Size": 849,
              "URL": "https://thinking-tester-contact-list.herokuapp.com/contactList"
            },
            {
              "CompressionType": "",
              "DataType": "application/json",
              "DownloadTime": 265,
              "EventId": 78,
              "HttpStatus": 200,
              "Size": 284,
              "URL": "https://thinking-tester-contact-list.herokuapp.com/users/login"
            },
            {
              "CompressionType": "",
              "DataType": "image/png",
              "DownloadTime": 234,
              "EventId": 36,
              "HttpStatus": 200,
              "Size": 1173,
              "URL": "https://thinking-tester-contact-list.herokuapp.com/img/thinkingTesterIcon.png"
            },
            {
              "CompressionType": "",
              "DataType": "application/javascript",
              "DownloadTime": 250,
              "EventId": 32,
              "HttpStatus": 200,
              "Size": 907,
              "URL": "https://thinking-tester-contact-list.herokuapp.com/js/login.js"
            },
            {
              "CompressionType": "",
              "DataType": "image/png",
              "DownloadTime": 469,
              "EventId": 28,
              "HttpStatus": 200,
              "Size": 12718,
              "URL": "https://thinking-tester-contact-list.herokuapp.com/img/thinkingTesterLogo.png"
            },
            {
              "CompressionType": "",
              "DataType": "text/css",
              "DownloadTime": 234,
              "EventId": 21,
              "HttpStatus": 200,
              "Size": 913,
              "URL": "https://thinking-tester-contact-list.herokuapp.com/css/styles.css"
            },
            {
              "CompressionType": "",
              "DataType": "text/html",
              "DownloadTime": 250,
              "EventId": 18,
              "HttpStatus": 200,
              "Size": 1303,
              "URL": "https://thinking-tester-contact-list.herokuapp.com/"
            }
          ],
          "SSLCipher": "ECDHE-RSA-AES128-GCM-SHA256",
          "SSLVersion": "TLS1.2"
        }
      ],
      "IncludeInScript": true
    },
    {
      "DomainName": "heroku.com",
      "Domains": [
        {
          "HTTPVersion": "HTTP/1.1",
          "IP": "34.254.44.155",
          "IncludeInScript": true,
          "Name": "nel.heroku.com",
          "Port": 443,
          "Requests": [
            {
              "CompressionType": "",
              "DataType": "text/plain",
              "DownloadTime": 156,
              "EventId": 72,
              "HttpStatus": 204,
              "Size": 0,
              "URL": "https://nel.heroku.com/reports?ts=1708585366&sid=af571f24-03ee-46d1-9f90-ab9030c2c74c&s=O8rQHqI6GOc4nDOBguERenO2P5f%2FrCiAYCzfu%2BcGe9g%3D"
            },
            {
              "CompressionType": "",
              "DataType": "",
              "DownloadTime": 156,
              "EventId": 70,
              "HttpStatus": 200,
              "Size": 0,
              "URL": "https://nel.heroku.com/reports?ts=1708585366&sid=af571f24-03ee-46d1-9f90-ab9030c2c74c&s=O8rQHqI6GOc4nDOBguERenO2P5f%2FrCiAYCzfu%2BcGe9g%3D"
            }
          ],
          "SSLCipher": "TLS_AES_128_GCM_SHA256",
          "SSLVersion": "TLS1.3"
        }
      ],
      "IncludeInScript": true
    },
    {
      "DomainName": "googleapis.com",
      "Domains": [
        {
          "HTTPVersion": "HTTP/1.1",
          "IP": "172.217.160.131",
          "IncludeInScript": true,
          "Name": "update.googleapis.com",
          "Port": 80,
          "Requests": [
            {
              "CompressionType": "gzip",
              "DataType": "application/json",
              "DownloadTime": 265,
              "EventId": 64,
              "HttpStatus": 200,
              "Size": 941,
              "URL": "http://update.googleapis.com/service/update2/json?cup2key=13:4khC048vPuX-89NV6Xl6JIKe0rd2TC4vQ-8pWf8VUbQ&cup2hreq=7561e3f728e2df43791bed2a6ed241a9773696eb0508815bd2e4ff9d01b0b7a5"
            }
          ],
          "SSLCipher": "None",
          "SSLVersion": "None"
        },
        {
          "HTTPVersion": "HTTP/1.1",
          "IP": "142.250.77.106",
          "IncludeInScript": true,
          "Name": "content-autofill.googleapis.com",
          "Port": 443,
          "Requests": [
            {
              "CompressionType": "gzip",
              "DataType": "text/plain",
              "DownloadTime": 156,
              "EventId": 42,
              "HttpStatus": 200,
              "Size": 60,
              "URL": "https://content-autofill.googleapis.com/v1/pages/ChVDaHJvbWUvMTIxLjAuNjE2Ny4xODUSIAmd3CIW3paY3xIFDXhvEhkSBQ3OQUx6IUHXDn_3wAwC?alt=proto"
            }
          ],
          "SSLCipher": "TLS_AES_256_GCM_SHA384",
          "SSLVersion": "TLS1.3"
        },
        {
          "HTTPVersion": "HTTP/1.1",
          "IP": "142.250.195.67",
          "IncludeInScript": true,
          "Name": "clientservices.googleapis.com",
          "Port": 443,
          "Requests": [
            {
              "CompressionType": "",
              "DataType": "",
              "DownloadTime": 218,
              "EventId": 14,
              "HttpStatus": 304,
              "Size": 0,
              "URL": "https://clientservices.googleapis.com/chrome-variations/seed?osname=win&channel=stable&milestone=121"
            }
          ],
          "SSLCipher": "TLS_AES_256_GCM_SHA384",
          "SSLVersion": "TLS1.3"
        }
      ],
      "IncludeInScript": true
    }
  ],
  "WebSocket": {
    "IncludeInScript": false,
    "IsScriptIncludeWebSocket": false
  },
  "NumberOfCorrelations": 4
}