[
    {
        "actionName": "Action",
        "steps": [
            {
                "stepId": "STEP2",
                "stepName": "Custom Request: json",
                "infFile": "t2.inf",
                "time": 1708756481318
            },
            {
                "stepId": "STEP3",
                "stepName": "Custom Request: reports_2",
                "infFile": "t4.inf",
                "time": 1708756482286
            },
            {
                "stepId": "STEP4",
                "stepName": "Custom Request: login",
                "infFile": "t5.inf",
                "time": 1708756482634
            },
            {
                "stepId": "STEP5",
                "stepName": "Url: contactList",
                "infFile": "t6.inf",
                "time": 1708756483887
            },
            {
                "stepId": "STEP6",
                "stepName": "Custom Request: contacts",
                "infFile": "t7.inf",
                "time": 1708756484190
            }
        ],
        "transactions": []
    }
]