[
    {
        "actionName": "vuser_end",
        "steps": [
            {
                "stepId": "STEP7",
                "stepName": "Url: logout",
                "infFile": "t8.inf",
                "time": 1708756484693
            },
            {
                "stepId": "STEP8",
                "stepName": "Url: thinking-tester-contact-list.herokuapp.com_2",
                "infFile": "t10.inf",
                "time": 1708756485450
            }
        ],
        "transactions": []
    }
]